{
  "original": {
    "indomain": {
      "kaggle_fakenews": {
        "dataset": "original_indomain_kaggle_fakenews",
        "n_samples": 8808,
        "n_fake": 4524,
        "n_real": 4284,
        "accuracy": 0.9883060853769301,
        "macro_f1": 0.9882984495894562,
        "mcc": 0.9766026391658176,
        "precision_fake": 0.9902417387447328,
        "recall_fake": 0.9869584438549955,
        "f1_fake": 0.9885973652164286,
        "precision_real": 0.9862758781111887,
        "recall_real": 0.9897292250233427,
        "f1_real": 0.987999533962484,
        "roc_auc": 0.9992556556958179,
        "pr_auc": 0.9992255602173935,
        "brier": 0.016241063091156457,
        "ece": 0.06236043915376415,
        "TN": 4465,
        "FP": 59,
        "FN": 44,
        "TP": 4240,
        "elapsed_s": 44.5
      },
      "liar": {
        "dataset": "original_indomain_liar",
        "n_samples": 2279,
        "n_fake": 987,
        "n_real": 1292,
        "accuracy": 0.6213251426064064,
        "macro_f1": 0.6172204170960531,
        "mcc": 0.2355904680881653,
        "precision_fake": 0.5587121212121212,
        "recall_fake": 0.5977710233029382,
        "f1_fake": 0.5775819872736172,
        "precision_real": 0.6753883892068684,
        "recall_real": 0.6393188854489165,
        "f1_real": 0.6568588469184891,
        "roc_auc": 0.6715874479691092,
        "pr_auc": 0.7154658203334422,
        "brier": 0.22599927610725068,
        "ece": 0.053981783756365954,
        "TN": 590,
        "FP": 397,
        "FN": 466,
        "TP": 826,
        "elapsed_s": 1.07
      },
      "gossipcop": {
        "dataset": "original_indomain_gossipcop",
        "n_samples": 3993,
        "n_fake": 955,
        "n_real": 3038,
        "accuracy": 0.8527422990232908,
        "macro_f1": 0.7979760119940029,
        "mcc": 0.5959548314495157,
        "precision_fake": 0.6913451511991658,
        "recall_fake": 0.694240837696335,
        "f1_fake": 0.6927899686520376,
        "precision_real": 0.9037574159525379,
        "recall_real": 0.9025674786043449,
        "f1_real": 0.9031620553359684,
        "roc_auc": 0.8839724743131503,
        "pr_auc": 0.9519613734526746,
        "brier": 0.12307964591528045,
        "ece": 0.13896657163576845,
        "TN": 663,
        "FP": 292,
        "FN": 296,
        "TP": 2742,
        "elapsed_s": 37.18
      },
      "politifact": {
        "dataset": "original_indomain_politifact",
        "n_samples": 433,
        "n_fake": 357,
        "n_real": 76,
        "accuracy": 0.8406466512702079,
        "macro_f1": 0.7590273016897204,
        "mcc": 0.5321838464646879,
        "precision_fake": 0.9390243902439024,
        "recall_fake": 0.8627450980392157,
        "f1_fake": 0.8992700729927007,
        "precision_real": 0.5333333333333333,
        "recall_real": 0.7368421052631579,
        "f1_real": 0.6187845303867403,
        "roc_auc": 0.8893925991449211,
        "pr_auc": 0.6494752622940042,
        "brier": 0.13383731685976671,
        "ece": 0.18479864034669977,
        "TN": 308,
        "FP": 49,
        "FN": 20,
        "TP": 56,
        "elapsed_s": 0.47
      }
    },
    "crossdomain": {
      "kaggle\u2192liar": {
        "dataset": "original_kaggle\u2192liar",
        "n_samples": 11387,
        "n_fake": 4931,
        "n_real": 6456,
        "accuracy": 0.451040660402213,
        "macro_f1": 0.3658304509545325,
        "mcc": 0.03685997633785776,
        "precision_fake": 0.4379115710253998,
        "recall_fake": 0.9440275806124518,
        "f1_fake": 0.5982905982905983,
        "precision_real": 0.6354029062087186,
        "recall_real": 0.07450433705080545,
        "f1_real": 0.13337030361846666,
        "roc_auc": 0.5541102122550177,
        "pr_auc": 0.6049921388266648,
        "brier": 0.32999157475305546,
        "ece": 0.2823986386168695,
        "TN": 4655,
        "FP": 276,
        "FN": 5975,
        "TP": 481,
        "elapsed_s": 40.56
      },
      "kaggle\u2192gossipcop": {
        "dataset": "original_kaggle\u2192gossipcop",
        "n_samples": 19955,
        "n_fake": 4769,
        "n_real": 15186,
        "accuracy": 0.24460035078927586,
        "macro_f1": 0.20238150695304152,
        "mcc": 0.01192246617519153,
        "precision_fake": 0.23947009152045304,
        "recall_fake": 0.993080310337597,
        "f1_fake": 0.38588772101360713,
        "precision_real": 0.8146067415730337,
        "recall_real": 0.00954826814170947,
        "f1_real": 0.018875292892475918,
        "roc_auc": 0.5584049600153456,
        "pr_auc": 0.7880334726181516,
        "brier": 0.6236944809781505,
        "ece": 0.6604904852822767,
        "TN": 4736,
        "FP": 33,
        "FN": 15041,
        "TP": 145,
        "elapsed_s": 87.1
      },
      "gossipcop\u2192liar": {
        "dataset": "original_gossipcop\u2192liar",
        "n_samples": 11387,
        "n_fake": 4931,
        "n_real": 6456,
        "accuracy": 0.5646790199350136,
        "macro_f1": 0.41002940908129176,
        "mcc": 0.022486459093437324,
        "precision_fake": 0.4792332268370607,
        "recall_fake": 0.06083958629081322,
        "f1_fake": 0.10797192729890229,
        "precision_real": 0.5696496608121921,
        "recall_real": 0.9495043370508055,
        "f1_real": 0.7120868908636813,
        "roc_auc": 0.5286342637442556,
        "pr_auc": 0.588053384864625,
        "brier": 0.25584725510454487,
        "ece": 0.09338286186723066,
        "TN": 300,
        "FP": 4631,
        "FN": 326,
        "TP": 6130,
        "elapsed_s": 37.77
      },
      "liar\u2192gossipcop": {
        "dataset": "original_liar\u2192gossipcop",
        "n_samples": 19955,
        "n_fake": 4769,
        "n_real": 15186,
        "accuracy": 0.4624404911049862,
        "macro_f1": 0.44179129832763364,
        "mcc": -0.004041230573796373,
        "precision_fake": 0.237486781811773,
        "recall_fake": 0.5651079890962466,
        "f1_fake": 0.3344294843953589,
        "precision_real": 0.7590333449517834,
        "recall_real": 0.430198867377848,
        "f1_real": 0.5491531122599084,
        "roc_auc": 0.5042596980913295,
        "pr_auc": 0.7710753031134019,
        "brier": 0.2682358580928234,
        "ece": 0.27520921838293194,
        "TN": 2695,
        "FP": 2074,
        "FN": 8653,
        "TP": 6533,
        "elapsed_s": 45.4
      }
    }
  },
  "anonymized": {
    "indomain": {
      "kaggle_fakenews": {
        "dataset": "anonymized_indomain_kaggle_fakenews",
        "n_samples": 8808,
        "n_fake": 4524,
        "n_real": 4284,
        "accuracy": 0.9821752951861944,
        "macro_f1": 0.9821667328767172,
        "mcc": 0.9643894520912248,
        "precision_fake": 0.9877149877149877,
        "recall_fake": 0.9774535809018567,
        "f1_fake": 0.9825574936118209,
        "precision_real": 0.9764488570768876,
        "recall_real": 0.9871615312791784,
        "f1_real": 0.9817759721416135,
        "roc_auc": 0.998452335546656,
        "pr_auc": 0.9983562663862343,
        "brier": 0.01977857137243813,
        "ece": 0.06406023961343214,
        "TN": 4422,
        "FP": 102,
        "FN": 55,
        "TP": 4229,
        "elapsed_s": 45.88
      },
      "liar": {
        "dataset": "anonymized_indomain_liar",
        "n_samples": 2279,
        "n_fake": 987,
        "n_real": 1292,
        "accuracy": 0.6094778411584028,
        "macro_f1": 0.6040430629108304,
        "mcc": 0.208428406397269,
        "precision_fake": 0.5473170731707317,
        "recall_fake": 0.5683890577507599,
        "f1_fake": 0.5576540755467196,
        "precision_real": 0.6602870813397129,
        "recall_real": 0.6408668730650154,
        "f1_real": 0.6504320502749411,
        "roc_auc": 0.6594748761766744,
        "pr_auc": 0.7076219384062749,
        "brier": 0.22881851421001123,
        "ece": 0.05097338298995672,
        "TN": 561,
        "FP": 426,
        "FN": 464,
        "TP": 828,
        "elapsed_s": 0.7
      },